timestamp,url,code,outcome
2026-02-06 00:34:38,https://www.google.com,200,ONLINE
2026-02-06 00:34:38,https://www.ug.edu.gh,200,ONLINE
2026-02-06 00:34:40,https://github.com,200,ONLINE
2026-02-06 00:34:40,https://this-should-fail-test.com,ERROR,OFFLINE
2026-02-06 00:37:13,https://www.google.com,200,ONLINE
2026-02-06 00:37:13,https://www.ug.edu.gh,200,ONLINE
2026-02-06 00:37:15,https://github.com,200,ONLINE
2026-02-06 00:37:15,https://this-should-fail-test.comhttps://claude.ai/chat/9275b0da-f239-47c9-beb3-a9c0f615de8e,ERROR,OFFLINE
2026-02-06 00:39:44,https://www.google.com,200,ONLINE
2026-02-06 00:39:45,https://www.ug.edu.gh,200,ONLINE
2026-02-06 00:39:46,https://github.com,200,ONLINE
2026-02-06 00:39:46,https://this-should-fail-test.com,ERROR,OFFLINE
2026-02-06 00:39:46,https://claude.ai/chat/9275b0da-f239-47c9-beb3-a9c0f615de8e,403,UNSTABLE (403)
